Datetime,Latitude,Longitude,Altitude [m ASL],Image Filename,Image Path
2022:10:25 16:53:40,42.85091169444445,-121.1443618888889,1572.921,00276.JPG,./Images/Fire/RGB/00276.JPG
2022:10:25 16:53:43,42.85091358333334,-121.14436533333334,1572.926,00277.JPG,./Images/Fire/RGB/00277.JPG
2022:10:25 16:53:46,42.85091422222222,-121.14436905555556,1572.98,00278.JPG,./Images/Fire/RGB/00278.JPG
2022:10:25 16:53:49,42.85091519444445,-121.14436900000001,1572.86,00279.JPG,./Images/Fire/RGB/00279.JPG
2022:10:25 16:53:52,42.850918416666666,-121.14430144444445,1572.822,00280.JPG,./Images/Fire/RGB/00280.JPG
2022:10:25 16:53:55,42.850943694444446,-121.14398588888889,1572.888,00281.JPG,./Images/Fire/RGB/00281.JPG
2022:10:25 16:53:58,42.85101161111111,-121.14357527777779,1572.883,00282.JPG,./Images/Fire/RGB/00282.JPG
2022:10:25 16:54:01,42.851148111111115,-121.14315044444444,1572.9,00283.JPG,./Images/Fire/RGB/00283.JPG
2022:10:25 16:54:04,42.851348,-121.14274166666668,1572.922,00284.JPG,./Images/Fire/RGB/00284.JPG
2022:10:25 16:54:07,42.851607944444446,-121.14235005555557,1572.868,00285.JPG,./Images/Fire/RGB/00285.JPG
2022:10:25 16:54:10,42.851930055555556,-121.14201458333334,1572.904,00286.JPG,./Images/Fire/RGB/00286.JPG
2022:10:25 16:54:13,42.852294138888894,-121.14180472222223,1572.878,00287.JPG,./Images/Fire/RGB/00287.JPG
2022:10:25 16:54:16,42.85259452777778,-121.14174358333334,1571.841,00288.JPG,./Images/Fire/RGB/00288.JPG
2022:10:25 16:54:19,42.852669500000005,-121.14156394444446,1571.902,00289.JPG,./Images/Fire/RGB/00289.JPG
2022:10:25 16:54:22,42.852604722222225,-121.14149666666667,1571.835,00290.JPG,./Images/Fire/RGB/00290.JPG
2022:10:25 16:54:25,42.85260644444445,-121.14149830555556,1571.801,00291.JPG,./Images/Fire/RGB/00291.JPG
2022:10:25 16:58:41,42.85413716666667,-121.15097241666668,1584.476,00292.JPG,./Images/Fire/RGB/00292.JPG
2022:10:25 16:58:44,42.853962361111115,-121.15057644444445,1584.537,00293.JPG,./Images/Fire/RGB/00293.JPG
2022:10:25 16:58:50,42.853487055555554,-121.14989891666667,1584.671,00294.JPG,./Images/Fire/RGB/00294.JPG
2022:10:25 16:58:53,42.85348008333334,-121.14941922222224,1584.629,00295.JPG,./Images/Fire/RGB/00295.JPG
2022:10:25 16:59:03,42.8538385,-121.14876969444445,1584.63,00296.JPG,./Images/Fire/RGB/00296.JPG
2022:10:25 16:59:05,42.85383727777778,-121.14877252777778,1587.275,00297.JPG,./Images/Fire/RGB/00297.JPG
2022:10:25 16:59:08,42.85380063888889,-121.14868766666667,1585.918,00298.JPG,./Images/Fire/RGB/00298.JPG
2022:10:25 16:59:11,42.85364088888889,-121.14835552777778,1584.803,00299.JPG,./Images/Fire/RGB/00299.JPG
2022:10:25 16:59:14,42.853424555555556,-121.14791608333334,1584.919,00300.JPG,./Images/Fire/RGB/00300.JPG
2022:10:25 16:59:17,42.85332944444445,-121.14744722222223,1584.97,00301.JPG,./Images/Fire/RGB/00301.JPG
2022:10:25 16:59:20,42.85331677777778,-121.147299,1584.891,00302.JPG,./Images/Fire/RGB/00302.JPG
2022:10:25 16:59:23,42.85328008333334,-121.14729563888889,1584.857,00303.JPG,./Images/Fire/RGB/00303.JPG
2022:10:25 16:59:26,42.85306552777778,-121.14726647222223,1585.096,00304.JPG,./Images/Fire/RGB/00304.JPG
2022:10:25 16:59:29,42.85284719444444,-121.14704436111111,1584.967,00305.JPG,./Images/Fire/RGB/00305.JPG
2022:10:25 16:59:32,42.852609722222226,-121.14672105555556,1585.04,00306.JPG,./Images/Fire/RGB/00306.JPG
2022:10:25 16:59:35,42.852430472222224,-121.14631255555557,1585.155,00307.JPG,./Images/Fire/RGB/00307.JPG
2022:10:25 16:59:38,42.85231752777778,-121.14596194444445,1584.665,00308.JPG,./Images/Fire/RGB/00308.JPG
2022:10:25 16:59:41,42.85220436111111,-121.14599461111112,1584.594,00309.JPG,./Images/Fire/RGB/00309.JPG
2022:10:25 16:59:44,42.85197544444445,-121.14612619444445,1584.631,00310.JPG,./Images/Fire/RGB/00310.JPG
2022:10:25 16:59:47,42.85165752777778,-121.14622663888889,1584.638,00311.JPG,./Images/Fire/RGB/00311.JPG
2022:10:25 16:59:53,42.85119180555556,-121.14621416666667,1584.821,00312.JPG,./Images/Fire/RGB/00312.JPG
2022:10:25 16:59:56,42.85111052777778,-121.14625319444445,1584.657,00313.JPG,./Images/Fire/RGB/00313.JPG
2022:10:25 16:59:59,42.85091933333334,-121.14643797222223,1585.25,00314.JPG,./Images/Fire/RGB/00314.JPG
2022:10:25 17:00:02,42.85067263888889,-121.14672941666667,1585.603,00315.JPG,./Images/Fire/RGB/00315.JPG
2022:10:25 17:00:05,42.85049377777778,-121.1469396388889,1584.373,00316.JPG,./Images/Fire/RGB/00316.JPG
2022:10:25 17:00:08,42.85052705555556,-121.14702308333334,1583.518,00317.JPG,./Images/Fire/RGB/00317.JPG
2022:10:25 17:00:12,42.85069861111111,-121.14731866666668,1584.184,00318.JPG,./Images/Fire/RGB/00318.JPG
2022:10:25 17:00:14,42.85094072222223,-121.14772252777779,1585.31,00319.JPG,./Images/Fire/RGB/00319.JPG
2022:10:25 17:00:18,42.851235055555556,-121.14811197222222,1585.174,00320.JPG,./Images/Fire/RGB/00320.JPG
2022:10:25 17:00:21,42.851438083333335,-121.14835975000001,1584.737,00321.JPG,./Images/Fire/RGB/00321.JPG
2022:10:25 17:00:24,42.85145272222223,-121.14838188888889,1584.756,00322.JPG,./Images/Fire/RGB/00322.JPG
2022:10:25 17:00:27,42.851448500000004,-121.14838102777779,1584.912,00323.JPG,./Images/Fire/RGB/00323.JPG
2022:10:25 17:00:29,42.85152058333333,-121.14825558333334,1585.128,00324.JPG,./Images/Fire/RGB/00324.JPG
2022:10:25 17:00:33,42.851574444444445,-121.14811261111112,1585.055,00325.JPG,./Images/Fire/RGB/00325.JPG
2022:10:25 17:00:48,42.85157430555556,-121.14810977777779,1584.631,00326.JPG,./Images/Fire/RGB/00326.JPG
2022:10:25 17:01:33,42.85108652777778,-121.15003997222223,1584.847,00327.JPG,./Images/Fire/RGB/00327.JPG
2022:10:25 17:01:35,42.85114516666667,-121.14989255555557,1584.806,00328.JPG,./Images/Fire/RGB/00328.JPG
2022:10:25 17:01:39,42.85128672222223,-121.14951372222222,1584.795,00329.JPG,./Images/Fire/RGB/00329.JPG
2022:10:25 17:01:42,42.851428694444444,-121.14900916666667,1584.735,00330.JPG,./Images/Fire/RGB/00330.JPG
2022:10:25 17:01:45,42.85154252777778,-121.14845502777779,1584.818,00331.JPG,./Images/Fire/RGB/00331.JPG
2022:10:25 17:01:47,42.85162669444445,-121.14812777777779,1584.781,00332.JPG,./Images/Fire/RGB/00332.JPG
2022:10:25 17:01:51,42.851658,-121.14803058333334,1584.717,00333.JPG,./Images/Fire/RGB/00333.JPG
2022:10:25 17:01:54,42.851800222222224,-121.1477366388889,1584.827,00334.JPG,./Images/Fire/RGB/00334.JPG
2022:10:25 17:01:57,42.85193027777778,-121.14734502777779,1584.808,00335.JPG,./Images/Fire/RGB/00335.JPG
2022:10:25 17:01:59,42.85203491666667,-121.1470016388889,1584.85,00336.JPG,./Images/Fire/RGB/00336.JPG
2022:10:25 17:02:02,42.85193,-121.14683363888889,1584.755,00337.JPG,./Images/Fire/RGB/00337.JPG
2022:10:25 17:02:06,42.85168780555556,-121.14657075000001,1584.811,00338.JPG,./Images/Fire/RGB/00338.JPG
2022:10:25 17:02:09,42.851410083333334,-121.14622566666668,1584.815,00339.JPG,./Images/Fire/RGB/00339.JPG
2022:10:25 17:02:11,42.85109080555556,-121.14587486111112,1584.89,00340.JPG,./Images/Fire/RGB/00340.JPG
2022:10:25 17:02:15,42.85080247222222,-121.14548069444444,1584.945,00341.JPG,./Images/Fire/RGB/00341.JPG
2022:10:25 17:02:17,42.85060502777778,-121.14500180555557,1584.795,00342.JPG,./Images/Fire/RGB/00342.JPG
2022:10:25 17:02:20,42.85047894444445,-121.14447475,1584.738,00343.JPG,./Images/Fire/RGB/00343.JPG
2022:10:25 17:02:23,42.850424333333336,-121.14391747222223,1584.625,00344.JPG,./Images/Fire/RGB/00344.JPG
2022:10:25 17:02:26,42.85044358333334,-121.14335086111112,1584.354,00345.JPG,./Images/Fire/RGB/00345.JPG
2022:10:25 17:02:29,42.85054794444444,-121.1428011388889,1584.124,00346.JPG,./Images/Fire/RGB/00346.JPG
2022:10:25 17:02:32,42.850713694444444,-121.14227075000001,1584.122,00347.JPG,./Images/Fire/RGB/00347.JPG
2022:10:25 17:02:35,42.85095841666667,-121.14181275,1583.955,00348.JPG,./Images/Fire/RGB/00348.JPG
2022:10:25 17:02:38,42.851255,-121.14140947222224,1583.95,00349.JPG,./Images/Fire/RGB/00349.JPG
2022:10:25 17:02:41,42.85160183333333,-121.14111780555557,1584.006,00350.JPG,./Images/Fire/RGB/00350.JPG
2022:10:25 17:02:44,42.851779055555554,-121.14102166666667,1586.117,00351.JPG,./Images/Fire/RGB/00351.JPG
2022:10:25 17:02:47,42.85178694444445,-121.14102433333333,1596.935,00352.JPG,./Images/Fire/RGB/00352.JPG
2022:10:25 17:02:50,42.85178672222222,-121.14114816666667,1592.727,00353.JPG,./Images/Fire/RGB/00353.JPG
2022:10:25 17:02:53,42.85177222222222,-121.14157138888889,1589.797,00354.JPG,./Images/Fire/RGB/00354.JPG
2022:10:25 17:02:56,42.8517545,-121.1421151388889,1587.809,00355.JPG,./Images/Fire/RGB/00355.JPG
2022:10:25 17:02:59,42.85173616666667,-121.14270986111111,1587.711,00356.JPG,./Images/Fire/RGB/00356.JPG
2022:10:26 18:31:36,42.85076322222223,-121.15192283333334,1578.716,00357.JPG,./Images/Fire/RGB/00357.JPG
2022:10:26 18:31:39,42.85076241666667,-121.15192202777779,1578.741,00358.JPG,./Images/Fire/RGB/00358.JPG
2022:10:26 18:31:42,42.850763055555554,-121.15192566666667,1578.701,00359.JPG,./Images/Fire/RGB/00359.JPG
2022:10:26 18:31:45,42.85082902777778,-121.15211725,1578.682,00360.JPG,./Images/Fire/RGB/00360.JPG
2022:10:26 18:31:48,42.85099430555556,-121.15246388888889,1578.628,00361.JPG,./Images/Fire/RGB/00361.JPG
2022:10:26 18:31:51,42.85124263888889,-121.15284816666667,1578.608,00362.JPG,./Images/Fire/RGB/00362.JPG
2022:10:26 18:31:54,42.851542583333334,-121.15321425,1578.775,00363.JPG,./Images/Fire/RGB/00363.JPG
2022:10:26 18:31:57,42.85188930555556,-121.15349472222223,1578.713,00364.JPG,./Images/Fire/RGB/00364.JPG
2022:10:26 18:32:00,42.85204644444445,-121.15362319444445,1578.804,00365.JPG,./Images/Fire/RGB/00365.JPG
2022:10:26 18:32:03,42.85205225,-121.15363008333334,1578.747,00366.JPG,./Images/Fire/RGB/00366.JPG
2022:10:26 18:32:06,42.85205144444445,-121.15362955555557,1578.725,00367.JPG,./Images/Fire/RGB/00367.JPG
2022:10:26 18:32:12,42.85212747222222,-121.15363133333334,1578.678,00368.JPG,./Images/Fire/RGB/00368.JPG
2022:10:26 18:32:15,42.85238066666667,-121.15367591666667,1578.658,00369.JPG,./Images/Fire/RGB/00369.JPG
2022:10:26 18:32:18,42.852750694444445,-121.15364236111111,1578.771,00370.JPG,./Images/Fire/RGB/00370.JPG
2022:10:26 18:32:21,42.85313247222222,-121.15344722222223,1578.733,00371.JPG,./Images/Fire/RGB/00371.JPG
2022:10:26 18:32:24,42.85348041666667,-121.15313502777778,1578.696,00372.JPG,./Images/Fire/RGB/00372.JPG
2022:10:26 18:32:27,42.85378502777778,-121.15274069444445,1578.724,00373.JPG,./Images/Fire/RGB/00373.JPG
2022:10:26 18:32:30,42.85403427777778,-121.1522848888889,1578.697,00374.JPG,./Images/Fire/RGB/00374.JPG
2022:10:26 18:32:33,42.85426075,-121.15179002777778,1578.666,00375.JPG,./Images/Fire/RGB/00375.JPG
2022:10:26 18:32:36,42.854431222222225,-121.15125036111111,1578.655,00376.JPG,./Images/Fire/RGB/00376.JPG
2022:10:26 18:32:39,42.85453163888889,-121.15069194444445,1578.779,00377.JPG,./Images/Fire/RGB/00377.JPG
2022:10:26 18:32:42,42.854534055555554,-121.15013280555556,1578.676,00378.JPG,./Images/Fire/RGB/00378.JPG
2022:10:26 18:32:45,42.85444830555556,-121.14958833333334,1578.711,00379.JPG,./Images/Fire/RGB/00379.JPG
2022:10:26 18:32:48,42.854291333333336,-121.14907061111111,1578.7,00380.JPG,./Images/Fire/RGB/00380.JPG
2022:10:26 18:32:51,42.854076,-121.14858705555557,1578.71,00381.JPG,./Images/Fire/RGB/00381.JPG
2022:10:26 18:32:54,42.85380861111111,-121.14814377777779,1578.689,00382.JPG,./Images/Fire/RGB/00382.JPG
2022:10:26 18:32:57,42.85350047222222,-121.14775930555557,1578.703,00383.JPG,./Images/Fire/RGB/00383.JPG
2022:10:26 18:33:00,42.853149555555554,-121.14749566666667,1578.653,00384.JPG,./Images/Fire/RGB/00384.JPG
2022:10:26 18:33:03,42.85276944444445,-121.14737680555557,1578.687,00385.JPG,./Images/Fire/RGB/00385.JPG
2022:10:26 18:33:06,42.852371,-121.14737752777778,1578.621,00386.JPG,./Images/Fire/RGB/00386.JPG
2022:10:26 18:33:09,42.85200175,-121.14750611111111,1578.633,00387.JPG,./Images/Fire/RGB/00387.JPG
2022:10:26 18:33:12,42.85169863888889,-121.14770830555557,1578.682,00388.JPG,./Images/Fire/RGB/00388.JPG
2022:10:26 18:33:15,42.851324,-121.14778330555556,1578.7,00389.JPG,./Images/Fire/RGB/00389.JPG
2022:10:26 18:33:18,42.85090530555556,-121.14773316666667,1578.625,00390.JPG,./Images/Fire/RGB/00390.JPG
2022:10:26 18:33:21,42.850479444444446,-121.14781705555556,1578.601,00391.JPG,./Images/Fire/RGB/00391.JPG
2022:10:26 18:33:24,42.85006788888889,-121.14802702777779,1578.707,00392.JPG,./Images/Fire/RGB/00392.JPG
2022:10:26 18:33:27,42.84976269444444,-121.14830316666668,1578.641,00393.JPG,./Images/Fire/RGB/00393.JPG
2022:10:26 18:33:30,42.84955519444445,-121.14871297222223,1578.722,00394.JPG,./Images/Fire/RGB/00394.JPG
2022:10:26 18:33:33,42.84943972222222,-121.14919405555557,1578.613,00395.JPG,./Images/Fire/RGB/00395.JPG
2022:10:26 18:33:36,42.849339666666665,-121.14970202777778,1578.639,00396.JPG,./Images/Fire/RGB/00396.JPG
2022:10:26 18:33:39,42.849298000000005,-121.15022397222222,1578.691,00397.JPG,./Images/Fire/RGB/00397.JPG
2022:10:26 18:33:42,42.84934375,-121.15073761111111,1579.422,00398.JPG,./Images/Fire/RGB/00398.JPG
2022:10:26 18:33:45,42.84946197222222,-121.15122805555556,1580.52,00399.JPG,./Images/Fire/RGB/00399.JPG
2022:10:26 18:33:48,42.84956541666667,-121.15156961111111,1580.744,00400.JPG,./Images/Fire/RGB/00400.JPG
2022:10:26 18:33:51,42.84959261111111,-121.15165402777778,1580.643,00401.JPG,./Images/Fire/RGB/00401.JPG
2022:10:26 18:33:54,42.849591805555555,-121.15165586111112,1580.618,00402.JPG,./Images/Fire/RGB/00402.JPG
2022:10:26 18:33:57,42.84959166666667,-121.15165561111111,1580.64,00403.JPG,./Images/Fire/RGB/00403.JPG
2022:10:26 18:34:00,42.84959144444445,-121.15165552777778,1580.666,00404.JPG,./Images/Fire/RGB/00404.JPG
2022:10:26 18:34:03,42.84959147222222,-121.15165686111112,1580.647,00405.JPG,./Images/Fire/RGB/00405.JPG
2022:10:26 18:34:06,42.84959125,-121.15165733333333,1580.621,00406.JPG,./Images/Fire/RGB/00406.JPG
2022:10:26 18:34:09,42.84959077777778,-121.15165705555556,1580.632,00407.JPG,./Images/Fire/RGB/00407.JPG
2022:10:26 18:34:15,42.849590444444445,-121.15165561111111,1580.679,00408.JPG,./Images/Fire/RGB/00408.JPG
2022:10:26 18:34:18,42.84959002777778,-121.15165583333334,1580.617,00409.JPG,./Images/Fire/RGB/00409.JPG
2022:10:26 18:37:03,42.8496815,-121.15159922222223,1577.731,00410.JPG,./Images/Fire/RGB/00410.JPG
2022:10:26 18:37:06,42.84972127777778,-121.151649,1577.665,00411.JPG,./Images/Fire/RGB/00411.JPG
2022:10:26 18:37:09,42.849930666666666,-121.15187236111112,1577.633,00412.JPG,./Images/Fire/RGB/00412.JPG
2022:10:26 18:37:12,42.850261,-121.15216211111111,1577.628,00413.JPG,./Images/Fire/RGB/00413.JPG
2022:10:26 18:37:15,42.85063302777778,-121.15246633333334,1577.662,00414.JPG,./Images/Fire/RGB/00414.JPG
2022:10:26 18:37:18,42.85096458333334,-121.15281475,1577.679,00415.JPG,./Images/Fire/RGB/00415.JPG
2022:10:26 18:37:21,42.8512665,-121.15322016666667,1577.65,00416.JPG,./Images/Fire/RGB/00416.JPG
2022:10:26 18:37:24,42.851637833333335,-121.15356283333334,1577.655,00417.JPG,./Images/Fire/RGB/00417.JPG
2022:10:26 18:37:27,42.85204844444445,-121.15380083333334,1577.72,00418.JPG,./Images/Fire/RGB/00418.JPG
2022:10:26 18:37:30,42.85249397222223,-121.15386169444444,1577.698,00419.JPG,./Images/Fire/RGB/00419.JPG
2022:10:26 18:37:33,42.85294388888889,-121.15379547222223,1577.751,00420.JPG,./Images/Fire/RGB/00420.JPG
2022:10:26 18:37:36,42.853338722222226,-121.15351458333333,1577.684,00421.JPG,./Images/Fire/RGB/00421.JPG
2022:10:26 18:37:39,42.853663250000004,-121.15308583333334,1577.675,00422.JPG,./Images/Fire/RGB/00422.JPG
2022:10:26 18:37:42,42.853933000000005,-121.15260275,1577.789,00423.JPG,./Images/Fire/RGB/00423.JPG
2022:10:26 18:37:45,42.85411397222222,-121.15206022222223,1577.682,00424.JPG,./Images/Fire/RGB/00424.JPG
2022:10:26 18:37:48,42.85425052777778,-121.15149772222223,1577.695,00425.JPG,./Images/Fire/RGB/00425.JPG
2022:10:26 18:37:51,42.854447666666665,-121.15097808333334,1577.648,00426.JPG,./Images/Fire/RGB/00426.JPG
2022:10:26 18:37:54,42.854599138888894,-121.15040405555555,1577.768,00427.JPG,./Images/Fire/RGB/00427.JPG
2022:10:26 18:37:57,42.854584833333334,-121.14979205555557,1577.694,00428.JPG,./Images/Fire/RGB/00428.JPG
2022:10:26 18:38:00,42.854424333333334,-121.14921555555556,1577.673,00429.JPG,./Images/Fire/RGB/00429.JPG
2022:10:26 18:38:03,42.85415288888889,-121.14871727777779,1577.696,00430.JPG,./Images/Fire/RGB/00430.JPG
2022:10:26 18:38:06,42.85379838888889,-121.14832177777778,1577.677,00431.JPG,./Images/Fire/RGB/00431.JPG
2022:10:26 18:38:09,42.85339744444445,-121.14801516666667,1577.655,00432.JPG,./Images/Fire/RGB/00432.JPG
2022:10:26 18:38:12,42.85295927777778,-121.14783138888889,1577.659,00433.JPG,./Images/Fire/RGB/00433.JPG
2022:10:26 18:38:15,42.8525135,-121.14774052777778,1577.698,00434.JPG,./Images/Fire/RGB/00434.JPG
2022:10:26 18:38:18,42.85208572222222,-121.14760872222223,1577.715,00435.JPG,./Images/Fire/RGB/00435.JPG
2022:10:26 18:38:21,42.851638916666666,-121.14752027777779,1577.674,00436.JPG,./Images/Fire/RGB/00436.JPG
2022:10:26 18:38:24,42.85119777777778,-121.14764883333334,1577.684,00437.JPG,./Images/Fire/RGB/00437.JPG
2022:10:26 18:38:27,42.85080111111111,-121.14794825000001,1577.7,00438.JPG,./Images/Fire/RGB/00438.JPG
2022:10:26 18:38:30,42.85045183333334,-121.14834177777779,1577.617,00439.JPG,./Images/Fire/RGB/00439.JPG
2022:10:26 18:38:33,42.85014413888889,-121.14879936111112,1577.713,00440.JPG,./Images/Fire/RGB/00440.JPG
2022:10:26 18:38:36,42.85001441666667,-121.14934258333334,1577.582,00441.JPG,./Images/Fire/RGB/00441.JPG
2022:10:26 18:38:39,42.85004363888889,-121.1498993888889,1577.662,00442.JPG,./Images/Fire/RGB/00442.JPG
2022:10:26 18:38:42,42.85014972222223,-121.15046444444445,1577.667,00443.JPG,./Images/Fire/RGB/00443.JPG
2022:10:26 18:38:45,42.85029161111111,-121.1510265,1577.716,00444.JPG,./Images/Fire/RGB/00444.JPG
2022:10:26 18:38:48,42.850417944444445,-121.15161491666667,1577.768,00445.JPG,./Images/Fire/RGB/00445.JPG
2022:10:26 18:38:51,42.85060144444444,-121.15218141666668,1577.713,00446.JPG,./Images/Fire/RGB/00446.JPG
2022:10:26 18:38:57,42.850813111111115,-121.1525518888889,1577.681,00447.JPG,./Images/Fire/RGB/00447.JPG
2022:10:26 18:59:18,42.85206313888889,-121.15292247222223,1576.519,00448.JPG,./Images/Fire/RGB/00448.JPG
2022:10:26 18:59:21,42.85211291666667,-121.15295230555556,1576.506,00449.JPG,./Images/Fire/RGB/00449.JPG
2022:10:26 18:59:24,42.852366583333335,-121.15308800000001,1576.513,00450.JPG,./Images/Fire/RGB/00450.JPG
2022:10:26 18:59:27,42.85271644444445,-121.15314147222223,1576.527,00451.JPG,./Images/Fire/RGB/00451.JPG
2022:10:26 18:59:30,42.853087055555555,-121.15306558333334,1576.465,00452.JPG,./Images/Fire/RGB/00452.JPG
2022:10:26 18:59:33,42.85345430555556,-121.15287269444445,1576.453,00453.JPG,./Images/Fire/RGB/00453.JPG
2022:10:26 18:59:36,42.85379072222222,-121.15258033333333,1576.515,00454.JPG,./Images/Fire/RGB/00454.JPG
2022:10:26 18:59:39,42.85406455555556,-121.15219411111111,1576.497,00455.JPG,./Images/Fire/RGB/00455.JPG
2022:10:26 18:59:42,42.85426266666667,-121.15172958333333,1576.523,00456.JPG,./Images/Fire/RGB/00456.JPG
2022:10:26 18:59:45,42.854391750000005,-121.1512098888889,1576.532,00457.JPG,./Images/Fire/RGB/00457.JPG
2022:10:26 18:59:48,42.85446347222222,-121.15064919444445,1576.533,00458.JPG,./Images/Fire/RGB/00458.JPG
2022:10:26 18:59:51,42.85446533333334,-121.15007761111112,1576.59,00459.JPG,./Images/Fire/RGB/00459.JPG
2022:10:26 18:59:54,42.854384027777776,-121.14952094444445,1576.504,00460.JPG,./Images/Fire/RGB/00460.JPG
2022:10:26 18:59:57,42.854232305555556,-121.14898377777779,1576.521,00461.JPG,./Images/Fire/RGB/00461.JPG
2022:10:26 19:00:00,42.85401569444445,-121.14849722222223,1576.483,00462.JPG,./Images/Fire/RGB/00462.JPG
2022:10:26 19:00:03,42.85375066666667,-121.14804686111111,1576.584,00463.JPG,./Images/Fire/RGB/00463.JPG
2022:10:26 19:00:06,42.85344525,-121.1476358888889,1576.581,00464.JPG,./Images/Fire/RGB/00464.JPG
2022:10:26 19:00:09,42.853102416666665,-121.14731547222223,1576.59,00465.JPG,./Images/Fire/RGB/00465.JPG
2022:10:26 19:00:12,42.852735305555555,-121.14717419444445,1576.503,00466.JPG,./Images/Fire/RGB/00466.JPG
2022:10:26 19:00:15,42.85234088888889,-121.14713644444446,1576.572,00467.JPG,./Images/Fire/RGB/00467.JPG
2022:10:26 19:00:18,42.85194194444445,-121.14720852777778,1576.527,00468.JPG,./Images/Fire/RGB/00468.JPG
2022:10:26 19:00:21,42.85154788888889,-121.14735752777779,1576.514,00469.JPG,./Images/Fire/RGB/00469.JPG
2022:10:26 19:00:24,42.851186222222225,-121.14761344444445,1576.486,00470.JPG,./Images/Fire/RGB/00470.JPG
2022:10:26 19:00:27,42.85084772222223,-121.14793786111112,1576.471,00471.JPG,./Images/Fire/RGB/00471.JPG
2022:10:26 19:00:30,42.85058297222222,-121.148347,1576.622,00472.JPG,./Images/Fire/RGB/00472.JPG
2022:10:26 19:00:33,42.85041461111111,-121.1488028888889,1576.593,00473.JPG,./Images/Fire/RGB/00473.JPG
2022:10:26 19:00:36,42.850348333333336,-121.14929086111111,1576.551,00474.JPG,./Images/Fire/RGB/00474.JPG
2022:10:26 19:00:39,42.85028394444445,-121.14978825,1576.066,00475.JPG,./Images/Fire/RGB/00475.JPG
2022:10:26 19:00:42,42.85025094444445,-121.15030866666667,1576.047,00476.JPG,./Images/Fire/RGB/00476.JPG
2022:10:26 19:00:45,42.85026688888889,-121.15084561111112,1575.298,00477.JPG,./Images/Fire/RGB/00477.JPG
2022:10:26 19:00:48,42.85034919444445,-121.15140116666667,1572.606,00478.JPG,./Images/Fire/RGB/00478.JPG
2022:10:26 19:00:51,42.85050344444445,-121.15193752777779,1568.589,00479.JPG,./Images/Fire/RGB/00479.JPG
2022:10:26 19:00:54,42.85063661111111,-121.1524718888889,1572.702,00480.JPG,./Images/Fire/RGB/00480.JPG
2022:10:26 19:00:57,42.850642916666665,-121.1529261388889,1573.697,00481.JPG,./Images/Fire/RGB/00481.JPG
2022:10:27 15:26:45,42.865122416666665,-121.134656,1566.567,00001.JPG,./Images/Fire/RGB/00001.JPG
2022:10:27 15:26:48,42.865122472222225,-121.13465644444445,1566.588,00002.JPG,./Images/Fire/RGB/00002.JPG
2022:10:27 15:26:51,42.865123000000004,-121.1346563888889,1566.515,00003.JPG,./Images/Fire/RGB/00003.JPG
2022:10:27 15:26:54,42.86512261111111,-121.13466158333334,1566.55,00004.JPG,./Images/Fire/RGB/00004.JPG
2022:10:27 15:26:57,42.865256333333335,-121.13447944444445,1566.577,00005.JPG,./Images/Fire/RGB/00005.JPG
2022:10:27 15:27:00,42.8655295,-121.13421538888889,1566.584,00006.JPG,./Images/Fire/RGB/00006.JPG
2022:10:27 15:27:03,42.865879972222224,-121.13397858333335,1566.588,00007.JPG,./Images/Fire/RGB/00007.JPG
2022:10:27 15:27:06,42.86627522222222,-121.13385183333334,1566.548,00008.JPG,./Images/Fire/RGB/00008.JPG
2022:10:27 15:27:09,42.866684694444444,-121.13384508333334,1566.605,00009.JPG,./Images/Fire/RGB/00009.JPG
2022:10:27 15:27:12,42.86709305555556,-121.13395141666668,1566.548,00010.JPG,./Images/Fire/RGB/00010.JPG
2022:10:27 15:27:15,42.867468583333334,-121.13417272222223,1566.571,00011.JPG,./Images/Fire/RGB/00011.JPG
2022:10:27 15:27:18,42.86779958333334,-121.13449702777778,1566.548,00012.JPG,./Images/Fire/RGB/00012.JPG
2022:10:27 15:27:27,42.867775111111115,-121.13456986111112,1566.7,00013.JPG,./Images/Fire/RGB/00013.JPG
2022:10:27 15:27:30,42.867743805555556,-121.13453758333334,1566.574,00014.JPG,./Images/Fire/RGB/00014.JPG
2022:10:27 15:27:47,42.86749208333333,-121.13429888888889,1566.763,00015.JPG,./Images/Fire/RGB/00015.JPG
2022:10:27 15:38:13,42.86439683333334,-121.13555552777778,1566.724,00016.JPG,./Images/Fire/RGB/00016.JPG
2022:10:27 15:38:16,42.86442802777778,-121.13547369444446,1566.699,00017.JPG,./Images/Fire/RGB/00017.JPG
2022:10:27 15:38:19,42.86457575,-121.13514375000001,1566.828,00018.JPG,./Images/Fire/RGB/00018.JPG
2022:10:27 15:38:22,42.86470880555556,-121.13490397222223,1566.787,00019.JPG,./Images/Fire/RGB/00019.JPG
2022:10:27 15:38:25,42.864821416666665,-121.134747,1566.802,00020.JPG,./Images/Fire/RGB/00020.JPG
2022:10:27 15:38:28,42.86507527777778,-121.13445019444445,1566.764,00021.JPG,./Images/Fire/RGB/00021.JPG
2022:10:27 15:38:31,42.86540880555556,-121.13417158333334,1566.753,00022.JPG,./Images/Fire/RGB/00022.JPG
2022:10:27 15:38:34,42.86579063888889,-121.13399391666667,1566.822,00023.JPG,./Images/Fire/RGB/00023.JPG
2022:10:27 15:38:37,42.866200750000004,-121.1339238888889,1566.721,00024.JPG,./Images/Fire/RGB/00024.JPG
2022:10:27 15:38:40,42.86661288888889,-121.13396922222223,1566.69,00025.JPG,./Images/Fire/RGB/00025.JPG
2022:10:27 15:38:43,42.867016694444445,-121.13410741666668,1566.768,00026.JPG,./Images/Fire/RGB/00026.JPG
2022:10:27 15:38:46,42.86738141666667,-121.13436022222223,1566.731,00027.JPG,./Images/Fire/RGB/00027.JPG
2022:10:27 15:38:49,42.86768658333333,-121.13471772222223,1566.706,00028.JPG,./Images/Fire/RGB/00028.JPG
2022:10:27 15:38:52,42.86793847222222,-121.1351478888889,1566.711,00029.JPG,./Images/Fire/RGB/00029.JPG
2022:10:27 15:38:55,42.868118555555554,-121.13564294444446,1566.783,00030.JPG,./Images/Fire/RGB/00030.JPG
2022:10:27 15:38:58,42.868223444444446,-121.13616911111112,1566.698,00031.JPG,./Images/Fire/RGB/00031.JPG
2022:10:27 15:39:05,42.86825775,-121.1367668888889,1566.706,00032.JPG,./Images/Fire/RGB/00032.JPG
2022:10:27 15:39:08,42.86825783333333,-121.13674125,1566.733,00033.JPG,./Images/Fire/RGB/00033.JPG
2022:10:27 15:39:11,42.86824244444445,-121.13641822222223,1566.772,00034.JPG,./Images/Fire/RGB/00034.JPG
2022:10:27 15:39:14,42.86816436111111,-121.1359631388889,1566.814,00035.JPG,./Images/Fire/RGB/00035.JPG
2022:10:27 15:39:17,42.86796694444445,-121.13559522222224,1566.699,00036.JPG,./Images/Fire/RGB/00036.JPG
2022:10:27 15:39:20,42.86772722222222,-121.13519052777778,1566.758,00037.JPG,./Images/Fire/RGB/00037.JPG
2022:10:27 15:39:23,42.86744213888889,-121.13488705555557,1566.695,00038.JPG,./Images/Fire/RGB/00038.JPG
2022:10:27 15:39:26,42.86711919444444,-121.13460666666667,1566.921,00039.JPG,./Images/Fire/RGB/00039.JPG
2022:10:27 15:39:29,42.86707466666667,-121.1345718888889,1566.726,00040.JPG,./Images/Fire/RGB/00040.JPG
2022:10:27 15:39:32,42.867245527777776,-121.13479758333334,1566.67,00041.JPG,./Images/Fire/RGB/00041.JPG
2022:10:27 15:39:35,42.86728155555556,-121.13477738888889,1566.705,00042.JPG,./Images/Fire/RGB/00042.JPG
2022:10:27 15:39:38,42.867210138888886,-121.13466677777778,1566.807,00043.JPG,./Images/Fire/RGB/00043.JPG
2022:10:27 15:40:11,42.866843027777776,-121.13437094444446,1566.705,00044.JPG,./Images/Fire/RGB/00044.JPG
2022:10:27 15:40:14,42.86684227777778,-121.13437111111112,1566.727,00045.JPG,./Images/Fire/RGB/00045.JPG
2022:10:27 15:40:17,42.86684322222222,-121.13437086111112,1566.76,00046.JPG,./Images/Fire/RGB/00046.JPG
2022:10:27 15:40:20,42.866843583333335,-121.13437091666667,1566.731,00047.JPG,./Images/Fire/RGB/00047.JPG
2022:10:27 15:40:23,42.86684352777778,-121.13437066666667,1566.772,00048.JPG,./Images/Fire/RGB/00048.JPG
2022:10:27 15:40:26,42.86684322222222,-121.13437075,1566.732,00049.JPG,./Images/Fire/RGB/00049.JPG
2022:10:27 15:40:29,42.86684338888889,-121.13437061111112,1566.753,00050.JPG,./Images/Fire/RGB/00050.JPG
2022:10:27 15:40:32,42.86684275,-121.13437102777779,1566.749,00051.JPG,./Images/Fire/RGB/00051.JPG
2022:10:27 15:40:35,42.86684258333334,-121.13437122222223,1566.736,00052.JPG,./Images/Fire/RGB/00052.JPG
2022:10:27 15:40:38,42.86684233333333,-121.13437105555556,1566.747,00053.JPG,./Images/Fire/RGB/00053.JPG
2022:10:27 15:40:41,42.866842,-121.1343716388889,1566.761,00054.JPG,./Images/Fire/RGB/00054.JPG
2022:10:27 15:40:44,42.866842,-121.13437130555556,1566.721,00055.JPG,./Images/Fire/RGB/00055.JPG
2022:10:27 15:40:47,42.86684125,-121.13437077777779,1566.74,00056.JPG,./Images/Fire/RGB/00056.JPG
2022:10:27 15:40:50,42.86684091666667,-121.13437091666667,1566.737,00057.JPG,./Images/Fire/RGB/00057.JPG
2022:10:27 15:40:54,42.86684088888889,-121.13437080555556,1566.749,00058.JPG,./Images/Fire/RGB/00058.JPG
2022:10:27 15:40:57,42.866840555555555,-121.13436975,1566.732,00059.JPG,./Images/Fire/RGB/00059.JPG
2022:10:27 15:41:00,42.86670702777778,-121.13438697222223,1566.77,00060.JPG,./Images/Fire/RGB/00060.JPG
2022:10:27 15:41:03,42.866443277777776,-121.13451547222223,1566.618,00061.JPG,./Images/Fire/RGB/00061.JPG
2022:10:27 15:41:06,42.86633511111111,-121.13463702777779,1566.491,00062.JPG,./Images/Fire/RGB/00062.JPG
2022:10:27 15:41:09,42.86653913888889,-121.13462572222222,1566.406,00063.JPG,./Images/Fire/RGB/00063.JPG
2022:10:27 15:41:12,42.86688383333333,-121.13461019444445,1566.498,00064.JPG,./Images/Fire/RGB/00064.JPG
2022:10:27 15:41:15,42.867271027777775,-121.13466552777778,1566.513,00065.JPG,./Images/Fire/RGB/00065.JPG
2022:10:27 15:41:18,42.86763602777778,-121.13488116666667,1566.532,00066.JPG,./Images/Fire/RGB/00066.JPG
2022:10:27 15:41:21,42.86798811111111,-121.13516661111112,1566.494,00067.JPG,./Images/Fire/RGB/00067.JPG
2022:10:27 15:41:24,42.86831622222222,-121.13549711111112,1566.498,00068.JPG,./Images/Fire/RGB/00068.JPG
2022:10:27 15:41:27,42.86858488888889,-121.13589119444445,1566.369,00069.JPG,./Images/Fire/RGB/00069.JPG
2022:10:27 15:41:30,42.86877961111111,-121.13633797222222,1566.471,00070.JPG,./Images/Fire/RGB/00070.JPG
2022:10:27 15:41:33,42.868919777777776,-121.13686811111111,1566.353,00071.JPG,./Images/Fire/RGB/00071.JPG
2022:10:27 15:41:36,42.86896575,-121.1374106388889,1566.455,00072.JPG,./Images/Fire/RGB/00072.JPG
2022:10:27 15:41:39,42.86893358333333,-121.13795980555557,1566.34,00073.JPG,./Images/Fire/RGB/00073.JPG
2022:10:27 15:41:42,42.868822888888886,-121.13848716666668,1566.388,00074.JPG,./Images/Fire/RGB/00074.JPG
2022:10:27 15:41:45,42.86864077777778,-121.13898269444445,1566.404,00075.JPG,./Images/Fire/RGB/00075.JPG
2022:10:27 15:41:48,42.868405055555556,-121.13944252777779,1566.394,00076.JPG,./Images/Fire/RGB/00076.JPG
2022:10:27 15:41:51,42.86816525,-121.13979658333334,1566.614,00077.JPG,./Images/Fire/RGB/00077.JPG
2022:10:27 15:41:54,42.86811513888889,-121.13986697222222,1566.442,00078.JPG,./Images/Fire/RGB/00078.JPG
2022:10:27 15:41:57,42.86811461111111,-121.13986755555557,1566.409,00079.JPG,./Images/Fire/RGB/00079.JPG
2022:10:27 15:42:00,42.868025333333335,-121.13993755555556,1566.407,00080.JPG,./Images/Fire/RGB/00080.JPG
2022:10:27 15:42:03,42.86776788888889,-121.14014277777778,1566.543,00081.JPG,./Images/Fire/RGB/00081.JPG
2022:10:27 15:42:06,42.86743608333333,-121.14044052777778,1566.633,00082.JPG,./Images/Fire/RGB/00082.JPG
2022:10:27 15:42:09,42.86710155555556,-121.1405628888889,1566.688,00083.JPG,./Images/Fire/RGB/00083.JPG
2022:10:27 15:42:12,42.866759333333334,-121.14044641666668,1566.688,00084.JPG,./Images/Fire/RGB/00084.JPG
2022:10:27 15:42:15,42.86647711111111,-121.14015741666667,1566.65,00085.JPG,./Images/Fire/RGB/00085.JPG
2022:10:27 15:42:18,42.86625244444445,-121.13975602777778,1566.757,00086.JPG,./Images/Fire/RGB/00086.JPG
2022:10:27 15:42:21,42.86614541666667,-121.13928069444445,1566.75,00087.JPG,./Images/Fire/RGB/00087.JPG
2022:10:27 15:42:24,42.86615825,-121.13877902777779,1566.701,00088.JPG,./Images/Fire/RGB/00088.JPG
2022:10:27 15:42:27,42.86623491666667,-121.13832919444445,1566.901,00089.JPG,./Images/Fire/RGB/00089.JPG
2022:10:27 15:42:30,42.866245416666665,-121.1382483888889,1566.69,00090.JPG,./Images/Fire/RGB/00090.JPG
2022:10:27 15:42:33,42.866244972222226,-121.13824866666667,1566.696,00091.JPG,./Images/Fire/RGB/00091.JPG
2022:10:27 15:42:36,42.86624527777778,-121.1382493888889,1566.746,00092.JPG,./Images/Fire/RGB/00092.JPG
2022:10:27 15:42:39,42.866258055555555,-121.13819358333333,1566.704,00093.JPG,./Images/Fire/RGB/00093.JPG
2022:10:27 15:42:42,42.866378250000004,-121.13792252777779,1566.719,00094.JPG,./Images/Fire/RGB/00094.JPG
2022:10:27 15:42:45,42.866610305555554,-121.13763222222222,1566.744,00095.JPG,./Images/Fire/RGB/00095.JPG
2022:10:27 15:42:48,42.86692994444444,-121.1374036388889,1566.692,00096.JPG,./Images/Fire/RGB/00096.JPG
2022:10:27 15:42:51,42.86728111111111,-121.13735608333334,1566.679,00097.JPG,./Images/Fire/RGB/00097.JPG
2022:10:27 15:42:54,42.86756336111111,-121.13754850000001,1566.522,00098.JPG,./Images/Fire/RGB/00098.JPG
2022:10:27 15:42:57,42.867746277777776,-121.13779311111112,1566.345,00099.JPG,./Images/Fire/RGB/00099.JPG
2022:10:27 15:43:00,42.867802222222224,-121.13772827777778,1565.44,00100.JPG,./Images/Fire/RGB/00100.JPG
2022:10:27 15:43:03,42.867966333333335,-121.1373798888889,1567.703,00101.JPG,./Images/Fire/RGB/00101.JPG
2022:10:27 15:43:06,42.86814647222222,-121.1368975,1567.756,00102.JPG,./Images/Fire/RGB/00102.JPG
2022:10:27 15:43:09,42.868242055555555,-121.13632197222223,1567.795,00103.JPG,./Images/Fire/RGB/00103.JPG
2022:10:27 15:43:12,42.86832444444445,-121.13572547222223,1567.661,00104.JPG,./Images/Fire/RGB/00104.JPG
2022:10:27 15:43:15,42.868332555555554,-121.13512352777778,1567.902,00105.JPG,./Images/Fire/RGB/00105.JPG
2022:10:27 15:43:18,42.86814761111111,-121.13465094444445,1568.676,00106.JPG,./Images/Fire/RGB/00106.JPG
2022:10:27 15:43:21,42.86785036111111,-121.13429666666667,1568.707,00107.JPG,./Images/Fire/RGB/00107.JPG
2022:10:27 15:43:24,42.867499611111114,-121.13401172222223,1568.731,00108.JPG,./Images/Fire/RGB/00108.JPG
2022:10:27 15:43:27,42.867129222222225,-121.13379133333333,1568.767,00109.JPG,./Images/Fire/RGB/00109.JPG
2022:10:27 15:43:30,42.866737444444446,-121.13367066666667,1568.698,00110.JPG,./Images/Fire/RGB/00110.JPG
2022:10:27 15:43:33,42.86632891666667,-121.13365033333334,1568.667,00111.JPG,./Images/Fire/RGB/00111.JPG
2022:10:27 15:43:36,42.865919222222225,-121.13373911111111,1568.792,00112.JPG,./Images/Fire/RGB/00112.JPG
2022:10:27 15:43:39,42.86551294444445,-121.13390580555556,1568.669,00113.JPG,./Images/Fire/RGB/00113.JPG
2022:10:27 17:46:56,42.863222916666665,-121.13960483333334,1587.439,00114.JPG,./Images/Fire/RGB/00114.JPG
2022:10:27 17:46:58,42.86304697222222,-121.13962305555556,1587.329,00115.JPG,./Images/Fire/RGB/00115.JPG
2022:10:27 17:47:00,42.86282747222222,-121.13961080555556,1587.536,00116.JPG,./Images/Fire/RGB/00116.JPG
2022:10:27 17:47:02,42.86266061111111,-121.13954255555556,1587.644,00117.JPG,./Images/Fire/RGB/00117.JPG
2022:10:27 17:47:04,42.862613055555556,-121.13936227777778,1587.886,00118.JPG,./Images/Fire/RGB/00118.JPG
2022:10:27 17:47:06,42.8626545,-121.13911788888889,1587.916,00119.JPG,./Images/Fire/RGB/00119.JPG
2022:10:27 17:47:08,42.86279286111111,-121.13890097222223,1587.883,00120.JPG,./Images/Fire/RGB/00120.JPG
2022:10:27 17:47:10,42.86295419444445,-121.13866997222223,1587.885,00121.JPG,./Images/Fire/RGB/00121.JPG
2022:10:27 17:47:12,42.86306966666667,-121.13836997222222,1587.848,00122.JPG,./Images/Fire/RGB/00122.JPG
2022:10:27 17:47:14,42.86305975,-121.13806480555556,1587.908,00123.JPG,./Images/Fire/RGB/00123.JPG
2022:10:27 17:47:16,42.86295475,-121.13775997222223,1587.928,00124.JPG,./Images/Fire/RGB/00124.JPG
2022:10:27 17:47:18,42.86277525,-121.13749975,1587.917,00125.JPG,./Images/Fire/RGB/00125.JPG
2022:10:27 17:47:20,42.86260630555556,-121.13719827777778,1587.915,00126.JPG,./Images/Fire/RGB/00126.JPG
2022:10:27 17:47:22,42.862441833333335,-121.13691325,1588.057,00127.JPG,./Images/Fire/RGB/00127.JPG
2022:10:27 17:47:24,42.862380972222226,-121.13682355555557,1587.857,00128.JPG,./Images/Fire/RGB/00128.JPG
2022:10:27 17:47:26,42.862374,-121.13681527777779,1587.807,00129.JPG,./Images/Fire/RGB/00129.JPG
2022:10:27 17:47:28,42.86241347222222,-121.13678594444445,1587.896,00130.JPG,./Images/Fire/RGB/00130.JPG
2022:10:27 17:47:30,42.86255194444445,-121.13667266666667,1587.878,00131.JPG,./Images/Fire/RGB/00131.JPG
2022:10:27 17:47:32,42.8627485,-121.1365705,1587.847,00132.JPG,./Images/Fire/RGB/00132.JPG
2022:10:27 17:47:34,42.863012194444444,-121.13654691666667,1587.862,00133.JPG,./Images/Fire/RGB/00133.JPG
2022:10:27 17:47:38,42.86324125,-121.13652997222223,1587.891,00134.JPG,./Images/Fire/RGB/00134.JPG
2022:10:27 17:47:41,42.86333361111111,-121.1365098888889,1587.892,00135.JPG,./Images/Fire/RGB/00135.JPG
2022:10:27 17:47:44,42.863590361111115,-121.13636905555556,1587.897,00136.JPG,./Images/Fire/RGB/00136.JPG
2022:10:27 17:47:47,42.86394388888889,-121.13615044444445,1587.927,00137.JPG,./Images/Fire/RGB/00137.JPG
2022:10:27 17:47:50,42.864355805555554,-121.13599252777779,1587.911,00138.JPG,./Images/Fire/RGB/00138.JPG
2022:10:27 17:47:53,42.86474588888889,-121.13593269444445,1587.953,00139.JPG,./Images/Fire/RGB/00139.JPG
2022:10:27 17:47:56,42.86492977777778,-121.1359533888889,1587.872,00140.JPG,./Images/Fire/RGB/00140.JPG
2022:10:27 17:47:59,42.86507019444445,-121.13565247222223,1587.931,00141.JPG,./Images/Fire/RGB/00141.JPG
2022:10:27 17:48:02,42.86503138888889,-121.13525897222223,1587.923,00142.JPG,./Images/Fire/RGB/00142.JPG
2022:10:27 17:48:05,42.86480508333334,-121.1348703888889,1587.864,00143.JPG,./Images/Fire/RGB/00143.JPG
2022:10:27 17:48:08,42.86449088888889,-121.13454994444444,1587.874,00144.JPG,./Images/Fire/RGB/00144.JPG
2022:10:27 17:48:11,42.864137,-121.13430930555556,1587.779,00145.JPG,./Images/Fire/RGB/00145.JPG
2022:10:27 17:48:14,42.863775527777776,-121.13419794444445,1587.916,00146.JPG,./Images/Fire/RGB/00146.JPG
2022:10:27 17:48:17,42.86341177777778,-121.13430244444446,1587.865,00147.JPG,./Images/Fire/RGB/00147.JPG
2022:10:27 17:48:20,42.86304030555556,-121.13444855555557,1587.937,00148.JPG,./Images/Fire/RGB/00148.JPG
2022:10:27 17:48:23,42.86263041666667,-121.13442722222223,1588.064,00149.JPG,./Images/Fire/RGB/00149.JPG
2022:10:27 17:48:26,42.862301333333335,-121.13417516666668,1587.976,00150.JPG,./Images/Fire/RGB/00150.JPG
2022:10:27 17:48:29,42.862017638888894,-121.13377908333334,1588.132,00151.JPG,./Images/Fire/RGB/00151.JPG
2022:10:27 17:48:32,42.861850833333335,-121.13331208333332,1588.091,00152.JPG,./Images/Fire/RGB/00152.JPG
2022:10:27 17:48:35,42.86178925,-121.13274955555555,1588.037,00153.JPG,./Images/Fire/RGB/00153.JPG
2022:10:27 17:48:38,42.86178702777778,-121.13215149999999,1587.973,00154.JPG,./Images/Fire/RGB/00154.JPG
2022:10:27 17:48:41,42.861789111111115,-121.13151180555555,1588.03,00155.JPG,./Images/Fire/RGB/00155.JPG
2022:10:27 17:48:44,42.86179938888889,-121.13093825,1587.993,00156.JPG,./Images/Fire/RGB/00156.JPG
2022:10:27 17:48:47,42.86182766666667,-121.13035297222221,1588.073,00157.JPG,./Images/Fire/RGB/00157.JPG
2022:10:27 17:48:50,42.86199369444444,-121.1298808611111,1588.04,00158.JPG,./Images/Fire/RGB/00158.JPG
2022:10:27 17:48:53,42.86212780555556,-121.12935433333332,1588.117,00159.JPG,./Images/Fire/RGB/00159.JPG
2022:10:27 17:48:56,42.86205563888889,-121.12887155555555,1588.077,00160.JPG,./Images/Fire/RGB/00160.JPG
2022:10:27 17:48:59,42.861806083333335,-121.1284728611111,1588.108,00161.JPG,./Images/Fire/RGB/00161.JPG
2022:10:27 17:49:02,42.86147722222223,-121.12810855555554,1588.183,00162.JPG,./Images/Fire/RGB/00162.JPG
2022:10:27 17:49:05,42.86117516666667,-121.12777924999999,1588.205,00163.JPG,./Images/Fire/RGB/00163.JPG
2022:10:27 17:49:08,42.86080586111111,-121.12774316666666,1588.107,00164.JPG,./Images/Fire/RGB/00164.JPG
2022:10:27 17:49:11,42.860436666666665,-121.12787513888888,1588.081,00165.JPG,./Images/Fire/RGB/00165.JPG
2022:10:27 17:49:14,42.860046805555555,-121.12809713888888,1588.098,00166.JPG,./Images/Fire/RGB/00166.JPG
2022:10:27 17:49:20,42.859246194444445,-121.12862777777777,1588.159,00167.JPG,./Images/Fire/RGB/00167.JPG
2022:10:27 17:49:23,42.85884988888889,-121.12889863888888,1588.14,00168.JPG,./Images/Fire/RGB/00168.JPG
2022:10:27 17:49:26,42.8584485,-121.12913919444443,1588.166,00169.JPG,./Images/Fire/RGB/00169.JPG
2022:10:27 17:49:29,42.85803694444444,-121.12938075,1588.247,00170.JPG,./Images/Fire/RGB/00170.JPG
2022:10:27 17:49:32,42.85785488888889,-121.12951675,1588.516,00171.JPG,./Images/Fire/RGB/00171.JPG
2022:10:27 17:49:35,42.85789191666667,-121.12957999999999,1588.469,00172.JPG,./Images/Fire/RGB/00172.JPG
2022:10:27 17:49:38,42.85806291666667,-121.12984252777777,1588.498,00173.JPG,./Images/Fire/RGB/00173.JPG
2022:10:27 17:49:41,42.85826325,-121.13016538888888,1588.532,00174.JPG,./Images/Fire/RGB/00174.JPG
2022:10:27 19:00:13,42.86331727777778,-121.13632586111112,1569.714,00175.JPG,./Images/Fire/RGB/00175.JPG
2022:10:27 19:00:16,42.86331530555556,-121.13640669444445,1569.645,00176.JPG,./Images/Fire/RGB/00176.JPG
2022:10:27 19:00:19,42.86328952777778,-121.13677197222223,1569.784,00177.JPG,./Images/Fire/RGB/00177.JPG
2022:10:27 19:00:22,42.86323219444444,-121.13729727777779,1569.654,00178.JPG,./Images/Fire/RGB/00178.JPG
2022:10:27 19:00:25,42.86315369444445,-121.13790519444446,1569.629,00179.JPG,./Images/Fire/RGB/00179.JPG
2022:10:27 19:00:28,42.86320558333333,-121.13841344444445,1569.693,00180.JPG,./Images/Fire/RGB/00180.JPG
2022:10:27 19:00:31,42.863196555555554,-121.13882655555557,1569.472,00181.JPG,./Images/Fire/RGB/00181.JPG
2022:10:27 19:00:34,42.86318086111111,-121.13928336111111,1569.404,00182.JPG,./Images/Fire/RGB/00182.JPG
2022:10:27 19:00:37,42.86320588888889,-121.13982425,1569.355,00183.JPG,./Images/Fire/RGB/00183.JPG
2022:10:27 19:00:40,42.86322080555556,-121.1404191388889,1569.322,00184.JPG,./Images/Fire/RGB/00184.JPG
2022:10:27 19:00:43,42.86323491666667,-121.14103377777778,1569.339,00185.JPG,./Images/Fire/RGB/00185.JPG
2022:10:27 19:00:46,42.86333763888889,-121.14156775000001,1569.332,00186.JPG,./Images/Fire/RGB/00186.JPG
2022:10:27 19:00:49,42.86352327777778,-121.1420526388889,1569.328,00187.JPG,./Images/Fire/RGB/00187.JPG
2022:10:27 19:00:52,42.86366625,-121.14259022222222,1569.381,00188.JPG,./Images/Fire/RGB/00188.JPG
2022:10:27 19:00:55,42.86382925,-121.14310533333334,1569.358,00189.JPG,./Images/Fire/RGB/00189.JPG
2022:10:27 19:00:58,42.86403311111111,-121.14362780555557,1569.299,00190.JPG,./Images/Fire/RGB/00190.JPG
2022:10:27 19:01:01,42.86429077777778,-121.14408633333333,1569.359,00191.JPG,./Images/Fire/RGB/00191.JPG
2022:10:27 19:01:16,42.865247555555555,-121.14548947222222,1566.822,00192.JPG,./Images/Fire/RGB/00192.JPG
2022:10:27 19:01:19,42.865225555555554,-121.14564827777778,1566.829,00193.JPG,./Images/Fire/RGB/00193.JPG
2022:10:27 19:16:15,42.863458083333335,-121.1388283888889,1627.082,00194.JPG,./Images/Fire/RGB/00194.JPG
2022:10:27 19:16:17,42.86345827777778,-121.13882819444446,1627.082,00195.JPG,./Images/Fire/RGB/00195.JPG
2022:10:27 19:16:19,42.863495,-121.13886266666667,1627.083,00196.JPG,./Images/Fire/RGB/00196.JPG
2022:10:27 19:16:21,42.86357808333334,-121.13899302777779,1627.113,00197.JPG,./Images/Fire/RGB/00197.JPG
2022:10:27 19:16:23,42.863650444444445,-121.13921125,1627.117,00198.JPG,./Images/Fire/RGB/00198.JPG
2022:10:27 19:16:25,42.86377186111111,-121.13945183333334,1627.045,00199.JPG,./Images/Fire/RGB/00199.JPG
2022:10:27 19:16:27,42.863917694444446,-121.13973283333334,1627.034,00200.JPG,./Images/Fire/RGB/00200.JPG
2022:10:27 19:16:29,42.864075444444445,-121.14004427777779,1627.084,00201.JPG,./Images/Fire/RGB/00201.JPG
2022:10:27 19:16:31,42.86423719444445,-121.1403708888889,1627.021,00202.JPG,./Images/Fire/RGB/00202.JPG
2022:10:27 19:16:33,42.86438444444445,-121.14071150000001,1627.071,00203.JPG,./Images/Fire/RGB/00203.JPG
2022:10:27 19:16:35,42.86454258333333,-121.14101186111112,1627.133,00204.JPG,./Images/Fire/RGB/00204.JPG
2022:10:27 19:16:41,42.865079305555554,-121.14159730555556,1627.035,00205.JPG,./Images/Fire/RGB/00205.JPG
2022:10:27 19:16:43,42.865122722222225,-121.14192013888889,1627.06,00206.JPG,./Images/Fire/RGB/00206.JPG
2022:10:27 19:16:45,42.865162222222224,-121.14227775,1627.053,00207.JPG,./Images/Fire/RGB/00207.JPG
2022:10:27 19:16:47,42.865202805555555,-121.14265355555557,1627.117,00208.JPG,./Images/Fire/RGB/00208.JPG
2022:10:27 19:16:49,42.865246500000005,-121.14304697222222,1627.119,00209.JPG,./Images/Fire/RGB/00209.JPG
2022:10:27 19:16:51,42.86528763888889,-121.14341858333334,1627.17,00210.JPG,./Images/Fire/RGB/00210.JPG
2022:10:27 19:16:53,42.86532663888889,-121.14376780555556,1627.074,00211.JPG,./Images/Fire/RGB/00211.JPG
2022:10:27 19:16:55,42.86536341666667,-121.14410477777778,1627.146,00212.JPG,./Images/Fire/RGB/00212.JPG
2022:10:27 19:17:13,42.865401472222224,-121.14446180555557,1624.791,00213.JPG,./Images/Fire/RGB/00213.JPG
2022:10:27 19:17:15,42.86544213888889,-121.14445005555557,1624.769,00214.JPG,./Images/Fire/RGB/00214.JPG
2022:10:27 19:17:17,42.86558936111111,-121.14438875,1624.805,00215.JPG,./Images/Fire/RGB/00215.JPG
2022:10:27 19:17:19,42.86574802777778,-121.14425108333334,1624.779,00216.JPG,./Images/Fire/RGB/00216.JPG
2022:10:27 19:17:21,42.86591788888889,-121.14417866666668,1624.728,00217.JPG,./Images/Fire/RGB/00217.JPG
2022:10:27 19:17:28,42.86604691666667,-121.14420836111111,1624.78,00218.JPG,./Images/Fire/RGB/00218.JPG
2022:10:27 19:17:31,42.866136805555556,-121.1441621388889,1624.821,00219.JPG,./Images/Fire/RGB/00219.JPG
2022:10:27 19:17:34,42.86631994444445,-121.14392919444445,1624.819,00220.JPG,./Images/Fire/RGB/00220.JPG
2022:10:27 19:17:37,42.866582972222226,-121.14359163888889,1624.822,00221.JPG,./Images/Fire/RGB/00221.JPG
2022:10:27 19:17:40,42.86691455555555,-121.14329733333334,1624.842,00222.JPG,./Images/Fire/RGB/00222.JPG
2022:10:27 19:17:43,42.86712411111111,-121.14291275000001,1624.796,00223.JPG,./Images/Fire/RGB/00223.JPG
2022:10:27 19:17:46,42.86734966666667,-121.1426216388889,1624.824,00224.JPG,./Images/Fire/RGB/00224.JPG
2022:10:27 19:17:49,42.86762138888889,-121.14239027777778,1624.835,00225.JPG,./Images/Fire/RGB/00225.JPG
2022:10:27 19:17:52,42.867692222222225,-121.14196819444444,1625.028,00226.JPG,./Images/Fire/RGB/00226.JPG
2022:10:27 19:17:55,42.86790411111111,-121.14173027777778,1624.99,00227.JPG,./Images/Fire/RGB/00227.JPG
2022:10:27 19:17:58,42.86803616666667,-121.1413936388889,1624.94,00228.JPG,./Images/Fire/RGB/00228.JPG
2022:10:27 19:18:01,42.86815738888889,-121.14104041666667,1625.06,00229.JPG,./Images/Fire/RGB/00229.JPG
2022:10:27 19:18:04,42.86841780555556,-121.14074733333334,1625.072,00230.JPG,./Images/Fire/RGB/00230.JPG
2022:10:27 19:18:07,42.8684885,-121.14032991666667,1625.178,00231.JPG,./Images/Fire/RGB/00231.JPG
2022:10:27 19:18:10,42.86864436111111,-121.139959,1625.13,00232.JPG,./Images/Fire/RGB/00232.JPG
2022:10:27 19:18:13,42.86860791666667,-121.1395371388889,1625.221,00233.JPG,./Images/Fire/RGB/00233.JPG
2022:10:27 19:18:16,42.86864958333334,-121.13910397222223,1625.17,00234.JPG,./Images/Fire/RGB/00234.JPG
2022:10:27 19:18:19,42.86878675,-121.138732,1625.198,00235.JPG,./Images/Fire/RGB/00235.JPG
2022:10:27 19:18:22,42.868696916666664,-121.138304,1625.181,00236.JPG,./Images/Fire/RGB/00236.JPG
2022:10:27 19:18:25,42.868532944444446,-121.13784880555556,1624.903,00237.JPG,./Images/Fire/RGB/00237.JPG
2022:10:27 19:18:28,42.8684325,-121.13739352777779,1624.854,00238.JPG,./Images/Fire/RGB/00238.JPG
2022:10:27 19:18:31,42.86843255555556,-121.13688452777778,1624.185,00239.JPG,./Images/Fire/RGB/00239.JPG
2022:10:27 19:18:34,42.868647,-121.13649269444446,1621.529,00240.JPG,./Images/Fire/RGB/00240.JPG
2022:10:27 19:18:37,42.86871686111111,-121.13612952777778,1621.463,00241.JPG,./Images/Fire/RGB/00241.JPG
2022:10:27 19:18:40,42.868580666666666,-121.13578658333334,1621.539,00242.JPG,./Images/Fire/RGB/00242.JPG
2022:10:27 19:18:43,42.868371555555555,-121.13543080555556,1621.467,00243.JPG,./Images/Fire/RGB/00243.JPG
2022:10:27 19:18:46,42.86805361111111,-121.13510644444445,1621.487,00244.JPG,./Images/Fire/RGB/00244.JPG
2022:10:27 19:18:49,42.86770502777778,-121.13491266666668,1621.493,00245.JPG,./Images/Fire/RGB/00245.JPG
2022:10:27 19:18:55,42.86750419444444,-121.1349438888889,1621.435,00246.JPG,./Images/Fire/RGB/00246.JPG
2022:10:27 19:18:58,42.867330305555555,-121.13479025000001,1621.517,00247.JPG,./Images/Fire/RGB/00247.JPG
2022:10:27 19:19:01,42.86706913888889,-121.13469527777778,1621.49,00248.JPG,./Images/Fire/RGB/00248.JPG
2022:10:27 19:21:31,42.86755383333333,-121.13597502777779,1622.047,00249.JPG,./Images/Fire/RGB/00249.JPG
2022:10:27 19:21:34,42.86750063888889,-121.13594661111112,1621.961,00250.JPG,./Images/Fire/RGB/00250.JPG
2022:10:27 19:21:41,42.867439194444444,-121.13590761111112,1621.981,00251.JPG,./Images/Fire/RGB/00251.JPG
2022:10:27 19:21:44,42.86735486111111,-121.13582952777779,1621.971,00252.JPG,./Images/Fire/RGB/00252.JPG
2022:10:27 19:21:47,42.86708219444444,-121.13564811111112,1621.992,00253.JPG,./Images/Fire/RGB/00253.JPG
2022:10:27 19:21:50,42.86683333333333,-121.13540308333334,1621.987,00254.JPG,./Images/Fire/RGB/00254.JPG
2022:10:27 19:21:53,42.86653591666667,-121.13514308333335,1622.032,00255.JPG,./Images/Fire/RGB/00255.JPG
2022:10:27 19:21:56,42.866202666666666,-121.13504494444445,1622.106,00256.JPG,./Images/Fire/RGB/00256.JPG
2022:10:27 19:21:59,42.86591147222222,-121.1352378888889,1621.978,00257.JPG,./Images/Fire/RGB/00257.JPG
2022:10:27 19:22:02,42.865585361111116,-121.13535975,1622.053,00258.JPG,./Images/Fire/RGB/00258.JPG
2022:10:27 19:22:05,42.86526280555556,-121.13522269444445,1621.99,00259.JPG,./Images/Fire/RGB/00259.JPG
2022:10:27 19:22:08,42.86493108333333,-121.13510050000001,1622.098,00260.JPG,./Images/Fire/RGB/00260.JPG
2022:10:27 19:22:11,42.86455608333333,-121.13512836111111,1622.06,00261.JPG,./Images/Fire/RGB/00261.JPG
2022:10:27 19:22:14,42.86424455555556,-121.1353228888889,1622.066,00262.JPG,./Images/Fire/RGB/00262.JPG
2022:10:27 19:22:17,42.864019472222225,-121.1357378888889,1622.002,00263.JPG,./Images/Fire/RGB/00263.JPG
2022:10:27 19:22:20,42.86374513888889,-121.13615594444445,1622.014,00264.JPG,./Images/Fire/RGB/00264.JPG
2022:10:27 19:22:23,42.863495138888894,-121.1365978888889,1622.103,00265.JPG,./Images/Fire/RGB/00265.JPG
2022:10:27 19:22:26,42.86321677777778,-121.13694563888889,1622.077,00266.JPG,./Images/Fire/RGB/00266.JPG
2022:10:27 19:22:29,42.86296677777778,-121.13732252777778,1622.068,00267.JPG,./Images/Fire/RGB/00267.JPG
2022:10:27 19:22:32,42.86292302777778,-121.13777922222224,1622.025,00268.JPG,./Images/Fire/RGB/00268.JPG
2022:10:27 19:22:35,42.862852333333336,-121.13818608333334,1622.063,00269.JPG,./Images/Fire/RGB/00269.JPG
2022:10:27 19:22:38,42.86270966666667,-121.138355,1613.14,00270.JPG,./Images/Fire/RGB/00270.JPG
2022:10:27 19:22:41,42.86270513888889,-121.13837105555557,1601.068,00271.JPG,./Images/Fire/RGB/00271.JPG
2022:10:27 19:22:44,42.862704694444446,-121.13836925000001,1589.065,00272.JPG,./Images/Fire/RGB/00272.JPG
2022:10:27 19:22:47,42.862706027777776,-121.13837005555557,1577.178,00273.JPG,./Images/Fire/RGB/00273.JPG
2022:10:27 19:22:50,42.86271055555556,-121.13838622222222,1571.968,00274.JPG,./Images/Fire/RGB/00274.JPG
2022:10:27 19:22:53,42.86283569444445,-121.13856416666667,1571.918,00275.JPG,./Images/Fire/RGB/00275.JPG
